event,variant,car_id,lap_s,dp_pred_s,harvest_mj,soc_start_mj,soc_end_mj,clip_ratio,peak_from_start_m,run_length_m,deploy_weighted_kmh,full_throttle_mean_kmh,corr_with_nominal,seconds
Australia,nominal,nominal,74.97059579339079,74.98371332692746,8.485992918103689,2.0,2.080514785265919,0.0,975.0,1265.0,273.8366790746154,299.7245066567096,nan,241.0
China,nominal,nominal,89.24433742560643,89.24714371237594,8.466657978612087,2.0,2.038409992464437,0.1266487228472527,925.0,1330.0,253.2733585981059,288.855528925695,nan,312.2
Miami,nominal,nominal,85.83446181142178,85.83700096476382,8.493297143501021,2.0,2.092788770673303,0.0,1070.0,1270.0,278.0854782561872,307.15202266099493,nan,295.6
Canada,nominal,nominal,70.31042113345367,70.31194795119882,8.497069725096804,2.0,2.1044529191923314,0.0,715.0,1030.0,253.99217439664488,284.1123686324863,nan,241.9
Australia,no_taper,nominal,74.72880312792817,74.73440041975998,8.493320185860142,2.0,2.0745040590889885,0.5082904516866781,635.0,1265.0,279.5220832858234,302.51139904830234,nan,319.4
China,no_taper,nominal,89.13033742530183,89.13385290701436,8.43313313423008,2.0,2.0367202040159347,0.2861824139814309,655.0,1330.0,257.905858595369,290.31479730345706,nan,316.4
Miami,no_taper,nominal,85.56717144618202,85.568994382296,8.348277306071546,2.0,2.0838090490959447,0.0,705.0,1270.0,282.01146963654446,309.7347795598961,nan,298.5
Canada,no_taper,nominal,70.18873222819465,70.18944115064473,8.485979154730808,2.0,2.0969798094842154,0.0005635810164840785,535.0,1030.0,255.69365258709828,285.4777483660309,nan,230.6
Australia,m2,nominal,75.93350615221934,75.93350615221934,8.499999999999998,2.0,2.269263466295837,-0.5294611913596715,760.0,1265.0,274.40313099072563,293.5552661859207,0.681339558797573,15.1
China,m2,nominal,89.6994524236706,89.6994524236706,8.500699611412736,2.0,2.128183656170906,-0.5101940770914769,930.0,1330.0,256.17132463249703,286.1348539705045,0.6958380373900133,15.2
Miami,m2,nominal,86.2803187605909,86.2803187605909,8.475248355067277,2.0,2.0602969478802833,-0.5035827021953523,890.0,1270.0,272.78569204283804,303.0895473738867,0.6814992839857168,15.4
Canada,m2,nominal,70.65435732493395,70.65435732493395,8.500824130602222,2.0,2.0974029403811296,-0.517259183969899,615.0,1030.0,253.40553382992758,281.0917937806638,0.7919241672502889,12.3
Australia,simple_flat_out,nominal,79.12932095504834,nan,nan,nan,nan,nan,nan,nan,nan,nan,nan,0
Australia,simple_straights_only,nominal,77.97200414677165,nan,nan,nan,nan,nan,nan,nan,nan,nan,nan,0
Australia,simple_clip_end,nominal,76.99613132223384,nan,nan,nan,nan,nan,nan,nan,nan,nan,nan,0
China,simple_flat_out,nominal,92.19325446333339,nan,nan,nan,nan,nan,nan,nan,nan,nan,nan,0
China,simple_straights_only,nominal,92.84207193916193,nan,nan,nan,nan,nan,nan,nan,nan,nan,nan,0
China,simple_clip_end,nominal,90.9678473137997,nan,nan,nan,nan,nan,nan,nan,nan,nan,nan,0
Miami,simple_flat_out,nominal,89.12397308845122,nan,nan,nan,nan,nan,nan,nan,nan,nan,nan,0
Miami,simple_straights_only,nominal,89.25383453021104,nan,nan,nan,nan,nan,nan,nan,nan,nan,nan,0
Miami,simple_clip_end,nominal,87.65889012137767,nan,nan,nan,nan,nan,nan,nan,nan,nan,nan,0
Canada,simple_flat_out,nominal,74.2787145719916,nan,nan,nan,nan,nan,nan,nan,nan,nan,nan,0
Canada,simple_straights_only,nominal,73.51906236189643,nan,nan,nan,nan,nan,nan,nan,nan,nan,nan,0
Canada,simple_clip_end,nominal,71.98063824326213,nan,nan,nan,nan,nan,nan,nan,nan,nan,nan,0
Australia,sweep,i0d0m0,74.59471935942034,74.62447580731286,8.188388450172353,2.0,2.1758616669842854,0.0,960.0,1265.0,271.13173055385323,302.46545741678403,nan,12.2
Australia,sweep,i0d0m1,74.8379771254126,74.86499194167408,8.288670753430655,2.0,2.1613220522356205,0.0,945.0,1265.0,270.09839047996746,300.9232550067066,nan,12.9
Australia,sweep,i0d0m2,75.09763488858255,75.11285152132469,8.429461009291957,2.0,2.151375262795554,0.0,910.0,1265.0,268.71214771883433,299.28942462434117,nan,14.1
Australia,sweep,i0d1m0,75.60021948320772,75.63846752552604,8.485075479812755,2.0,2.1517051974114296,0.47600253503504836,920.0,1265.0,272.068321610636,295.51885469376396,nan,100.1
Australia,sweep,i0d1m1,75.85264611354935,75.87657085273908,8.475344272073306,2.0,2.144674306178098,0.0,905.0,1265.0,269.9202331450336,294.0034028605657,nan,97.1
Australia,sweep,i0d1m2,76.11322796379727,76.12106861415609,8.486809011565247,2.0,2.145669560831838,0.3306594848875119,865.0,1265.0,267.92942577227404,292.415514155478,nan,97.7
Australia,sweep,i0d2m0,76.73792667298243,76.78102064165637,8.488037606988241,2.0,2.1421130375754123,0.0895433767615228,890.0,1265.0,269.69240950349706,288.29510353733593,nan,94.4
Australia,sweep,i0d2m1,76.9852218640204,77.00722272624436,8.46015323159555,2.0,2.158199800240529,0.6035181668331633,865.0,1265.0,267.47259055184594,286.78252050683534,nan,92.0
Australia,sweep,i0d2m2,77.13325387451702,77.18864821391394,8.499999999999996,2.0,1.298256058068477,0.5801087189418185,860.0,1265.0,268.2011655702635,286.2799468562563,nan,14.0
Australia,sweep,i1d0m0,73.92203553240981,73.94348883704275,7.7624140228196,2.0,2.167739313432901,0.0,910.0,1265.0,272.72755513953376,307.25833593886557,nan,14.3
Australia,sweep,i1d0m1,74.1598204124555,74.17591082372464,7.898389157482235,2.0,2.1616232581088575,0.0,875.0,1265.0,271.4466250706311,305.66121192938897,nan,13.1
Australia,sweep,i1d0m2,74.41115551480682,74.41212908432534,8.01697953470838,2.0,2.1655540690105846,0.0,830.0,1265.0,269.93276067873194,303.9951726588909,nan,13.3
Australia,sweep,i1d1m0,74.76764574249569,74.79745352460097,8.494409267192854,2.0,2.1547047818340848,0.0,1000.0,1265.0,275.86768989545095,301.0158460269705,nan,83.1
Australia,sweep,i1d1m1,75.00189907715425,75.03046655416723,8.49870998487037,2.0,2.1585142951770524,0.28370029169201016,970.0,1265.0,274.0192977050663,299.52214702217935,nan,96.4
Australia,sweep,i1d1m2,75.2609213118116,75.26737607735318,8.470426279370919,2.0,2.1695178520072558,0.4096147167073431,935.0,1265.0,272.01146670249557,297.9086200101132,nan,101.8
Australia,sweep,i1d2m0,75.77458276060736,75.81358128660024,8.48721574662018,2.0,2.1527819926087735,0.48805520009468967,935.0,1265.0,273.8532125213962,293.9938586925288,nan,102.0
Australia,sweep,i1d2m1,76.00719463116025,76.04320208351484,8.47020711250922,2.0,2.1526175926869233,0.2725702017190387,915.0,1265.0,271.86855265296776,292.56864581128855,nan,103.5
Australia,sweep,i1d2m2,76.25572158436455,76.27277564394274,8.45729654139888,2.0,2.1509208212778193,0.17397273307420308,870.0,1265.0,269.88099805475036,291.09635393128866,nan,124.1
Australia,sweep,i2d0m0,73.34717165096325,73.34439535565151,7.34053247129507,2.0,2.171046943140507,0.0,1225.0,1265.0,273.92159622166736,311.54138235444685,nan,19.9
Australia,sweep,i2d0m1,73.5833344576507,73.57762720444,7.474845260003731,2.0,2.158110874439774,0.0,1225.0,1265.0,272.64666242957543,309.99298108311547,nan,20.7
Australia,sweep,i2d0m2,73.82088219336666,73.81335291450657,7.60154055834592,2.0,2.164115530219164,0.0,1225.0,1265.0,271.815265445609,308.4734811008362,nan,19.9
Australia,sweep,i2d1m0,74.12840495314362,74.13314690243804,8.144036666983594,2.0,2.1723417787700834,0.1772969895047212,1045.0,1265.0,277.67228247949146,305.488155715406,nan,14.0
Australia,sweep,i2d1m1,74.36631490209223,74.35857841116218,8.242100384481855,2.0,2.1831473453547248,0.1707806536226543,1030.0,1265.0,276.16795325368537,303.8958106418674,nan,13.1
Australia,sweep,i2d1m2,74.58333508980118,74.58530593389465,8.369499569001272,2.0,2.1733942112357676,0.3291590989935456,1015.0,1265.0,275.0961493731357,302.52791228832257,nan,14.0
Australia,sweep,i2d2m0,74.98099864046569,75.00142710132117,8.481595224473804,2.0,2.1557550412460538,0.0,1000.0,1265.0,277.83848575308724,299.1588781138497,nan,102.6
Australia,sweep,i2d2m1,75.2144007282318,75.23004785604414,8.483700875865386,2.0,2.160676160796769,0.0,985.0,1265.0,276.3958165787874,297.70227507945714,nan,96.8
Australia,sweep,i2d2m2,75.44234453075961,75.45543480263068,8.482926217662062,2.0,2.14968859136732,0.382007997922226,960.0,1265.0,274.4460244122398,296.2845810030483,nan,96.6
China,sweep,i0d0m0,88.77723045114143,88.80508030759718,8.440277424032203,2.0,2.1118299452886795,0.0,920.0,1330.0,250.88552533365237,292.27656801493566,nan,106.0
China,sweep,i0d0m1,89.15636133373867,89.1778540585642,8.462537942972581,2.0,2.120391856342704,0.0,890.0,1330.0,248.13399864739034,290.09700076973144,nan,108.0
China,sweep,i0d0m2,89.26002684791435,89.30404190409723,8.499999999999998,2.0,0.5401683775781824,0.0,1060.0,1330.0,253.45756025765618,290.1045341563462,nan,24.9
China,sweep,i0d1m0,89.79958773424218,89.82030297258078,8.460914807573868,2.0,2.1187961289829462,0.0,900.0,1330.0,251.11741507193338,285.12375454136526,nan,146.7
China,sweep,i0d1m1,89.700630002488,89.81209509855645,8.5,2.0,0.014971219045454258,0.0,1040.0,1330.0,257.21485194750596,286.5544432599357,nan,15.3
China,sweep,i0d1m2,90.56952199082492,90.58055995944592,8.402364584212954,2.0,2.1153192745653207,0.1086671215727871,820.0,1330.0,245.67576649840365,280.9020258869781,nan,106.6
China,sweep,i0d2m0,90.90770906814627,90.9331568133441,8.411971468614809,2.0,2.096630658121592,0.20258964985950934,830.0,1330.0,249.97891637369085,277.9191481229313,nan,115.9
China,sweep,i0d2m1,91.2658730667277,91.28008911708196,8.432903519909447,2.0,2.1032704188578855,0.4938960029182562,805.0,1330.0,247.1983223582169,276.07311210846143,nan,107.2
China,sweep,i0d2m2,91.62341173768918,91.63950420139699,8.415891388818181,2.0,2.0922625314253094,0.0,780.0,1330.0,245.1746080346142,274.25463856863774,nan,104.0
China,sweep,i1d0m0,87.9928789726109,88.02032497896761,8.489701024389099,2.0,2.1128064804152262,0.0,915.0,1330.0,254.8442682494482,297.44107662522407,nan,100.7
China,sweep,i1d0m1,88.36089310862869,88.3847235009815,8.47956062753194,2.0,2.123721201460218,0.0,835.0,1330.0,252.20057091209003,295.2809546900367,nan,106.9
China,sweep,i1d0m2,88.72374430783846,88.74743970492663,8.491243781976346,2.0,2.107023617488315,0.0,800.0,1330.0,250.11401932687738,293.2199300002354,nan,110.8
China,sweep,i1d1m0,88.90379715690487,88.9229502288641,8.488654756112448,2.0,2.1069184504482728,0.26060203664611675,935.0,1330.0,255.67418196492753,290.7646720668995,nan,111.4
China,sweep,i1d1m1,89.27638845250682,89.28966090920399,8.468360155786883,2.0,2.1122275994859527,0.0,910.0,1330.0,252.94971704624578,288.6625431703995,nan,115.8
China,sweep,i1d1m2,89.36486884874566,89.53753129020699,8.499999999999995,2.0,1.0236329929609624,0.25802846767643206,1005.0,1330.0,255.97575901383036,288.7495215078139,nan,129.8
China,sweep,i1d2m0,89.9052811555099,89.91901139101293,8.482622902033906,2.0,2.1107052182350308,0.2226148990424555,900.0,1330.0,254.8952261459453,283.8338694669907,nan,112.0
China,sweep,i1d2m1,90.29327958409904,90.30809667874672,8.36380486434567,2.0,2.096684316017328,0.0,865.0,1330.0,251.78821105655197,281.68421134219074,nan,115.1
China,sweep,i1d2m2,90.64496256986644,90.65434011266825,8.373266731551194,2.0,2.10494959296912,0.0,830.0,1330.0,249.53796651245628,279.8409774691163,nan,115.5
China,sweep,i2d0m0,87.37318215432639,87.38603694685268,8.488233293932481,2.0,2.2016759499648213,0.0,1295.0,1330.0,258.9069110087106,301.8417926680485,nan,115.0
China,sweep,i2d0m1,87.71438813273767,87.73025063895787,8.485197161906688,2.0,2.184003062241107,0.0,1295.0,1330.0,256.6580080647346,299.834913355937,nan,110.8
China,sweep,i2d0m2,88.06387870254832,88.08092068703002,8.494305046577546,2.0,2.158438132158949,0.0,1295.0,1330.0,254.95635565644116,297.85369014234334,nan,118.9
China,sweep,i2d1m0,88.17812944575695,88.20185644499688,8.45136222514174,2.0,2.1100512236294664,0.15655682722070668,1015.0,1330.0,260.1311026682225,295.70242821322455,nan,123.8
China,sweep,i2d1m1,88.52830469911277,88.54777929850076,8.457411103758847,2.0,2.118179315009788,0.0,995.0,1330.0,257.81185825079467,293.6973895220395,nan,109.6
China,sweep,i2d1m2,88.88254410899633,88.90021265072448,8.454900756682397,2.0,2.106899905754765,0.27740776445810794,925.0,1330.0,255.63235916733376,291.7147829682708,nan,108.2
China,sweep,i2d2m0,89.08136924088431,89.10060331531129,8.467403695655026,2.0,2.1058700385041176,0.4905882343909371,955.0,1330.0,259.81849045907853,289.13312998108773,nan,100.9
China,sweep,i2d2m1,89.03560813600403,89.10013584646644,8.499999999999998,2.0,0.15557436151897197,0.0,1100.0,1330.0,264.9716566904166,290.0718797036326,nan,14.8
China,sweep,i2d2m2,89.78796349411807,89.80140561024288,8.412926358832777,2.0,2.0995004857766077,0.3480637701967816,910.0,1330.0,255.15743322183422,285.26807142448723,nan,99.3
Miami,sweep,i0d0m0,85.33735138375701,85.34305361351029,8.253535858115466,2.0,2.297723915602064,0.0,1125.0,1270.0,274.704359660715,311.15548562459696,nan,13.0
Miami,sweep,i0d0m1,85.58598644304053,85.58699044137146,8.44374544033221,2.0,2.2994368543774866,0.0,1090.0,1270.0,273.1708155616891,309.5733790758148,nan,13.0
Miami,sweep,i0d0m2,85.8386868198524,85.83283043623088,8.498696205485626,2.0,2.2191732312432,0.0,1075.0,1270.0,271.677129638041,307.965481682017,nan,119.6
Miami,sweep,i0d1m0,86.37463868460809,86.37473278194699,8.494419554306843,2.0,2.1813184778481847,0.0,980.0,1270.0,274.5358173564278,303.0333395568544,nan,112.2
Miami,sweep,i0d1m1,86.66036396273378,86.64938825905693,8.469499128506284,2.0,2.1913052095875747,0.0,935.0,1270.0,271.4297091620516,301.05894805912845,nan,106.0
Miami,sweep,i0d1m2,86.93708082910624,86.92603086124666,8.4477846364277,2.0,2.1841082929691273,0.0,915.0,1270.0,269.10740340777267,299.27850594642433,nan,104.8
Miami,sweep,i0d2m0,87.64397243608312,87.64025220325293,8.430091960324148,2.0,2.1668525195794976,0.10232597269518424,870.0,1270.0,270.4202425426316,293.7023910130133,nan,103.3
Miami,sweep,i0d2m1,87.55069796311093,87.66517570600317,8.499999999999996,2.0,0.6836768423480224,0.28905679223594555,1040.0,1270.0,274.4016950917662,295.08791301121335,nan,13.6
Miami,sweep,i0d2m2,88.16659089408492,88.15299755312957,8.457188429862194,2.0,2.159725833525318,0.4890242512028188,830.0,1270.0,266.01461273677984,290.5310233337067,nan,112.3
Miami,sweep,i1d0m0,84.82348979894137,84.83031935933643,7.628505001837404,2.0,2.3752032940263024,0.0,1210.0,1270.0,272.5174468811399,314.54370760158884,nan,16.8
Miami,sweep,i1d0m1,85.04493065227,85.0483384695808,7.917913890635467,2.0,2.3984524274066024,0.0,1195.0,1270.0,271.87445775418854,313.22390880864725,nan,16.4
Miami,sweep,i1d0m2,85.26090438788637,85.2673788304443,8.040939885948355,2.0,2.3250522419471795,0.0,1175.0,1270.0,272.12249976515443,311.89353138436775,nan,16.8
Miami,sweep,i1d1m0,85.61100155908048,85.61617481444257,8.491144021396744,2.0,2.201756827939354,0.0,1095.0,1270.0,280.0979845087873,308.6527663444063,nan,105.2
Miami,sweep,i1d1m1,85.86131177291057,85.86885082803886,8.464609042505826,2.0,2.1832979124026433,0.0,1050.0,1270.0,277.30741603511893,306.91713198546034,nan,105.0
Miami,sweep,i1d1m2,86.1144539994958,86.11860971968406,8.496508614802224,2.0,2.188543511213896,0.0,1010.0,1270.0,274.939742363502,305.25409850777044,nan,95.7
Miami,sweep,i1d2m0,86.71907423841398,86.72374111457626,8.473549812042576,2.0,2.160804296024704,0.0,965.0,1270.0,276.13689834219304,299.9389480477472,nan,100.3
Miami,sweep,i1d2m1,86.97370017680332,86.97598628101909,8.489508843782863,2.0,2.167076113152093,0.0,940.0,1270.0,273.6515830645311,298.317121407189,nan,109.8
Miami,sweep,i1d2m2,87.23912273892353,87.23985452495128,8.458170503404203,2.0,2.1720560902376134,0.4287573285158172,900.0,1270.0,271.10428951120025,296.6131085941257,nan,103.9
Miami,sweep,i2d0m0,84.39908743283628,84.39441570080889,7.692795835898237,2.0,3.213187844995526,0.0,1240.0,1270.0,270.5735335714796,317.88179438894394,nan,13.2
Miami,sweep,i2d0m1,84.60789125125739,84.60393320725039,7.7133653429947335,2.0,2.9354744168200426,0.0,1240.0,1270.0,270.2610925063389,316.52029488831056,nan,13.2
Miami,sweep,i2d0m2,84.81524142868228,84.81277101277094,7.768991215650986,2.0,2.7152430677961767,0.0,1240.0,1270.0,270.24860749254447,315.1757027663881,nan,13.4
Miami,sweep,i2d1m0,85.05967313652803,85.07202922375598,8.332511872451132,2.0,2.233948435312265,0.17277835573552247,1205.0,1270.0,281.17823637000527,312.50447581234835,nan,90.5
Miami,sweep,i2d1m1,85.27565674460519,85.28822299043712,8.497500712029403,2.0,2.2280745901547396,0.1665890922129542,1190.0,1270.0,279.99255024898684,311.1846137161554,nan,130.7
Miami,sweep,i2d1m2,85.4923800992522,85.50868074853838,8.497931013702873,2.0,2.202136964592633,0.0,1165.0,1270.0,279.24324058063706,309.8222506730685,nan,107.2
Miami,sweep,i2d2m0,85.97101834770747,85.97935227072563,8.467981558340858,2.0,2.189910389268142,0.0,1050.0,1270.0,281.19430644440416,305.27599567414455,nan,109.0
Miami,sweep,i2d2m1,86.21679633940782,86.22673679991408,8.462354871103887,2.0,2.1766619835676426,0.24553734972371444,1015.0,1270.0,278.86558185591815,303.6910983943582,nan,109.8
Miami,sweep,i2d2m2,86.45657789953728,86.46848433263067,8.478502467210223,2.0,2.1821027224599328,0.0,995.0,1270.0,276.8234128292162,302.1558010105004,nan,111.1
Canada,sweep,i0d0m0,70.00204792801348,70.01009469688621,8.429208732407973,2.0,2.213599261189189,0.0,690.0,1030.0,252.4016664495693,286.5987525189058,nan,88.6
Canada,sweep,i0d0m1,70.3398613571486,70.32931786034224,8.481454596083944,2.0,2.1937911362677798,0.10677207231768127,655.0,1030.0,248.57958902201756,284.22715500944673,nan,88.4
Canada,sweep,i0d0m2,70.65665431727899,70.66341420950779,8.494535316430317,2.0,2.201367176640219,0.102642133244414,635.0,1030.0,246.54915981353062,282.01739948094115,nan,90.3
Canada,sweep,i0d1m0,70.76013611688504,70.76897912474352,8.482713715554436,2.0,2.186896447849615,0.0,685.0,1030.0,251.06665950099097,280.44808333834646,nan,88.8
Canada,sweep,i0d1m1,71.09133783311603,71.08574899476176,8.470566823669051,2.0,2.1765164413508633,0.0,655.0,1030.0,247.3165452195868,278.2094994872054,nan,89.8
Canada,sweep,i0d1m2,71.40678827758143,71.4186845298164,8.450971642432064,2.0,2.18844319881445,0.2168584087810861,630.0,1030.0,244.76104664020664,276.15508232195566,nan,90.0
Canada,sweep,i0d2m0,71.61185245810603,71.61726676095184,8.497029489206156,2.0,2.167042251130047,5.6450762498564136e-05,610.0,1030.0,248.44939381508294,274.1014180288673,nan,91.7
Canada,sweep,i0d2m1,71.93877962497801,71.9211464945086,8.490194255819462,2.0,2.1818789360331086,0.2928121701755481,580.0,1030.0,244.65707495567287,271.9016499916424,nan,91.3
Canada,sweep,i0d2m2,72.2297305519245,72.24539206784281,8.478797048544738,2.0,2.1683895971409304,0.22132961703312942,555.0,1030.0,242.22178434647773,270.09262286825475,nan,89.4
Canada,sweep,i1d0m0,69.36135701293722,69.36985805235433,8.104391049666555,2.0,2.2196921782825028,0.0,685.0,1030.0,255.0112126117986,291.6805567985437,nan,12.3
Canada,sweep,i1d0m1,69.67456732053864,69.6780663624434,8.242778015035714,2.0,2.2214308419450783,0.0,660.0,1030.0,253.27621949950637,289.4181411009384,nan,11.3
Canada,sweep,i1d0m2,69.9853666879122,69.9951272783142,8.421629637917682,2.0,2.2106377197151037,0.0,660.0,1030.0,251.2918650864824,287.26581924504035,nan,1002.9
Canada,sweep,i1d1m0,70.04082253410364,70.05087607203986,8.496111696114783,2.0,2.2002806473286505,0.0,735.0,1030.0,256.13296830024825,285.9282357197879,nan,1010.4
Canada,sweep,i1d1m1,70.35470330229687,70.3560050340773,8.48003317175982,2.0,2.1953413581547134,0.0,700.0,1030.0,253.08318169228508,283.63082938893854,nan,108.2
Canada,sweep,i1d1m2,70.65860353264786,70.67104686131921,8.496832917232279,2.0,2.18337287301255,0.0,680.0,1030.0,250.29989127337714,281.5951656117798,nan,117.2
Canada,sweep,i1d2m0,70.77604217674366,70.79389306218049,8.494729648038147,2.0,2.186903559796423,0.4038330549766896,715.0,1030.0,254.3021349684209,280.0302001527868,nan,132.4
Canada,sweep,i1d2m1,71.08717482570157,71.09374707953886,8.487254864542656,2.0,2.175922791921686,0.0,695.0,1030.0,251.343945986859,277.9789766216451,nan,156.4
Canada,sweep,i1d2m2,71.38941541060913,71.40398565096793,8.49385194034487,2.0,2.1874426999582286,0.246940286429468,650.0,1030.0,248.378997757608,275.90119910053545,nan,157.3
Canada,sweep,i2d0m0,68.82031530333927,68.82800420325788,7.756649080304893,2.0,2.2246287355814474,0.0,1005.0,1030.0,257.72828765219117,296.2199559586338,nan,4640.7
Canada,sweep,i2d0m1,69.12827424914215,69.13291073776196,7.891936014578583,2.0,2.226582524025382,0.0,1005.0,1030.0,256.0527692569988,294.01637314290076,nan,2132.5
Canada,sweep,i2d0m2,69.43200926476459,69.44270754639965,8.022785963259759,2.0,2.226891243609149,0.0,1005.0,1030.0,254.57958589363776,291.86396809493664,nan,3054.7
Canada,sweep,i2d1m0,69.44016221283722,69.4492308985281,8.307836369162944,2.0,2.2245454283194803,0.0,800.0,1030.0,260.06752013701606,290.709108793409,nan,1047.5
Canada,sweep,i2d1m1,69.74224514750017,69.74817020388261,8.428281477549826,2.0,2.2225885171733006,0.0,775.0,1030.0,258.35142547345754,288.65473041103456,nan,8420.2
Canada,sweep,i2d1m2,70.04589393491847,70.05224026900785,8.494297131950255,2.0,2.211418265286611,0.0,750.0,1030.0,256.34588366897106,286.5052458231853,nan,1683.3
Canada,sweep,i2d2m0,70.10849504766014,70.12110054333456,8.490524625672341,2.0,2.197209268438557,0.22133063870813452,760.0,1030.0,259.4345186775017,285.0501092414743,nan,1294.6
Canada,sweep,i2d2m1,70.4057783888924,70.41409493836136,8.489883724053424,2.0,2.1931315941542042,0.1075112802259169,740.0,1030.0,256.9313127588766,283.02532981361554,nan,1321.1
Canada,sweep,i2d2m2,70.7010710053827,70.71386054199499,8.493088449397106,2.0,2.1834351191637196,0.10397853712340405,715.0,1030.0,254.53056790854174,281.0456268014449,nan,3274.0
Australia,soc0_0.3,nominal,75.10697797129586,75.1423009516979,8.494300808409514,1.2,1.3626481279702927,6.273833728253796e-06,945.0,1265.0,271.6633000248103,298.87093940150436,nan,8668.0
Australia,soc0_0.7,nominal,75.00400096390507,75.02745269179299,8.475488168813031,2.8,2.9610496939967645,0.0,960.0,1265.0,273.9781457286709,299.4737646861063,nan,2694.5
China,soc0_0.3,nominal,89.29957301726223,89.31650092036466,8.422479714954475,1.2,1.3144168171092385,0.0,930.0,1330.0,252.88940989432243,288.5602049280511,nan,5390.8
China,soc0_0.7,nominal,89.34807906848769,89.35988711282934,8.428292900637793,2.8,2.9075246441463745,0.2133519389092819,655.0,1330.0,250.94774754541817,287.82965216818906,nan,4234.3
Miami,soc0_0.3,nominal,85.92987008041545,85.94240087418606,8.491705593104832,1.2,1.4125555386215476,0.46812457293210513,1060.0,1270.0,276.7831372065405,306.4287361997935,nan,341.0
Miami,soc0_0.7,nominal,85.96408733478552,85.96793245134526,8.472716315670842,2.8,2.989893808114834,0.0,1110.0,1270.0,276.7801563936777,305.9661037170805,nan,160.5
Canada,soc0_0.3,nominal,70.5170556756042,70.5208798181739,8.333671031411525,1.2,1.4111256217034134,3.0424847733848158e-06,370.0,1030.0,249.86696335176686,282.02927336087697,nan,117.7
Canada,soc0_0.7,nominal,70.34791182975519,70.34700298989172,8.499796954324061,2.8,2.996221756571324,0.0,745.0,1030.0,253.4970747713072,283.80522480375515,nan,123.3
Australia,rules,nominal,75.16626637393787,75.16971313489022,8.196588278312703,2.0,2.087834131044727,0.0,920.0,1265.0,272.92157393147886,298.27668791009256,nan,76.5
Australia,rules_no_taper,nominal,74.97483627918498,74.98987822600637,8.78259455742719,2.0,2.0918812372028195,0.5082904516866781,635.0,1265.0,280.2578079913845,300.9815030868549,nan,90.0
Australia,rules_h8,nominal,75.15642887201551,75.17148920880285,7.991085311585854,2.0,2.088372666897147,0.0,900.0,1265.0,272.0173972046232,298.2692192444708,nan,552.2
China,rules,nominal,89.12278077350746,89.12894897291345,8.986099135510434,2.0,2.041835023759112,0.0,995.0,1330.0,255.7311427178423,289.83484657630294,nan,606.4
China,rules_no_taper,nominal,88.98790485652643,88.99312848369125,8.883618324184427,2.0,2.035210337816004,0.430379746835443,680.0,1330.0,260.3298695509601,291.47334139665514,nan,643.2
China,rules_h8,nominal,89.42803292127266,89.43207044091152,7.944537296793957,2.0,2.038638505823564,0.12329841587219847,875.0,1330.0,250.9050280402538,287.5810192919881,nan,558.4
Miami,rules,nominal,85.81195284336586,85.8158541958003,8.912310957644396,2.0,2.1092146791628434,0.0,1130.0,1270.0,279.3840804854693,307.5248784793029,nan,501.4
Miami,rules_no_taper,nominal,85.01535403299049,85.11427561505445,8.999999999999996,2.0,0.3744771938603674,0.5467224546722455,840.0,1270.0,294.06397014516153,315.3521126636181,nan,80.2
Miami,rules_h8,nominal,85.92919688280467,85.93381572923502,7.945584771194219,2.0,2.0820625064007814,0.0,970.0,1270.0,274.79776042692805,306.12421269838944,nan,578.9
Miami,rules_deploy250,nominal,86.3901602395527,86.39496622800553,8.399921843973477,2.0,2.186915159245918,0.0,1175.0,1270.0,281.25069237320116,303.6514138506438,nan,73.4
Canada,rules,nominal,70.307128754342,70.30974046232821,8.676598305094105,2.0,2.1093208098398284,0.0,725.0,1030.0,254.9075355041226,284.14779867768107,nan,55.6
Canada,rules_no_taper,nominal,70.15855058418117,70.15958432237339,8.992493816565151,2.0,2.1072700248117613,0.0005635810164840785,535.0,1030.0,258.1995982919309,285.7797146794816,nan,454.7
Canada,rules_h8,nominal,70.34833508752855,70.34849743159587,7.9945849533675375,2.0,2.0961736915503373,0.0,685.0,1030.0,251.41280264205852,283.7024982080179,nan,468.1
Canada,rules_deploy250,nominal,70.8637193986859,70.8649806829957,7.8875529342215245,2.0,2.110792413897068,0.2544737034534112,815.0,1030.0,256.61401064733246,280.541297537034,nan,70.3
