driver,n,share,drop,peak_m,within_corr,team
ALO,1,1.0,16.0,551.5450000000005,,Aston Martin
ANT,16,1.0,16.5,532.5047222222215,-0.4326570409113379,Mercedes
BEA,25,0.96,18.0,610.2113888888894,-0.6822114048821293,Haas F1 Team
BOT,9,0.4444444444444444,2.0,176.9222222222229,,Cadillac
COL,16,0.9375,13.0,457.87263888888856,-0.5233198270664273,Alpine
GAS,1,0.0,0.0,0.0,,Alpine
HAD,8,0.5,8.0,284.162361111112,,Red Bull Racing
HAM,30,0.8666666666666667,16.0,560.8555555555552,-0.4739900471393016,Ferrari
HUL,4,0.25,0.5,159.08291666666628,,Audi
LAW,9,0.3333333333333333,1.0,138.52194444444422,,Racing Bulls
LEC,27,1.0,17.0,602.0222222222224,0.3073245034205816,Ferrari
LIN,4,0.5,8.5,285.21861111111116,,Racing Bulls
OCO,14,0.8571428571428571,18.0,597.218194444443,-0.27549108597890304,Haas F1 Team
PER,29,0.9655172413793104,14.0,493.7197222222221,-0.44024676580706434,Cadillac
RUS,8,1.0,14.0,530.2170833333323,,Mercedes
SAI,9,1.0,13.0,442.0569444444436,,Williams
STR,1,1.0,9.0,613.499722222221,,Aston Martin
VER,16,1.0,13.0,481.572777777777,-0.008539876765101586,Red Bull Racing
