driver,clean_laps,top_speed_median,top_speed_spread,derate_laps,derate_share,mean_drop_when_derated
ALO,1,323.0,0.0,1,1.0,16.0
ANT,18,323.0,5.3,18,1.0,14.67
BEA,21,318.0,3.0,21,1.0,18.67
BOT,9,323.0,2.6,7,0.78,18.43
COL,19,327.0,12.6,18,0.95,13.11
GAS,1,324.0,0.0,0,0.0,
HAD,9,336.0,12.2,9,1.0,13.78
HAM,34,320.0,20.0,30,0.88,16.77
HUL,7,318.0,17.0,5,0.71,6.0
LAW,8,323.5,8.8,4,0.5,12.0
LEC,32,320.0,16.0,32,1.0,17.66
LIN,7,323.0,2.8,5,0.71,15.6
OCO,12,319.0,6.0,12,1.0,21.92
PER,31,323.0,16.0,30,0.97,14.63
RUS,13,329.0,16.8,12,0.92,11.67
SAI,13,326.0,9.6,13,1.0,11.92
STR,2,312.0,1.6,2,1.0,7.5
VER,18,325.0,11.3,18,1.0,12.72
