driver,lap,lap_time_s,top_speed_kmh,end_speed_kmh,flat_out_drop_kmh,peak_before_brake_m
ANT,2,98.3,339.0,318.0,21.0,484.1322222222202
ANT,3,97.916,317.0,306.0,11.0,587.9999999999982
ANT,4,97.263,319.0,309.0,10.0,665.4213888888867
ANT,5,97.35,319.0,298.0,21.0,552.7030555555557
ANT,6,96.935,320.0,306.0,14.0,624.1897222222233
ANT,7,97.244,320.0,305.0,15.0,595.8463888888887
ANT,8,97.232,320.0,307.0,13.0,622.5441666666666
ANT,9,97.27,322.0,307.0,15.0,586.7633333333342
ANT,14,98.869,323.0,311.0,12.0,531.4533333333347
ANT,15,98.072,321.0,311.0,10.0,704.1777777777811
ANT,16,96.45,319.0,307.0,12.0,663.2872222222209
ANT,17,96.447,324.0,174.0,150.0,649.3583333333313
ANT,18,96.892,324.0,307.0,17.0,550.5324999999993
ANT,19,96.753,323.0,307.0,16.0,613.685
ANT,20,96.738,324.0,307.0,17.0,555.1361111111082
ANT,21,96.736,322.0,305.0,17.0,591.2549999999983
ANT,22,96.447,323.0,310.0,13.0,580.0227777777773
ANT,23,96.476,323.0,307.0,16.0,525.1766666666672
ANT,24,96.27,324.0,315.0,9.0,577.8111111111111
ANT,25,96.397,323.0,302.0,21.0,623.6238888888893
ANT,26,96.444,324.0,307.0,17.0,551.15361111111
ANT,27,96.336,325.0,308.0,17.0,500.22222222222126
ANT,28,96.587,323.0,307.0,16.0,589.7125000000024
ANT,29,96.358,325.0,309.0,16.0,517.5986111111115
ANT,30,95.977,325.0,309.0,16.0,503.27750000000106
ANT,31,96.011,324.0,307.0,17.0,549.5899999999988
ANT,32,95.744,326.0,299.0,27.0,553.6208333333334
ANT,33,96.361,325.0,307.0,18.0,538.799722222223
ANT,34,95.998,326.0,308.0,18.0,556.2902777777786
ANT,35,95.898,324.0,307.0,17.0,569.2591666666649
ANT,36,95.941,325.0,309.0,16.0,541.2886111111093
ANT,37,96.127,326.0,311.0,15.0,525.9408333333349
ANT,38,95.449,327.0,313.0,14.0,394.5230555555563
ANT,39,95.483,329.0,315.0,14.0,441.87777777777774
ANT,40,95.91,334.0,329.0,5.0,313.8183333333336
ANT,41,95.12,339.0,319.0,20.0,512.3313888888888
ANT,42,95.857,329.0,317.0,12.0,478.45333333333474
ANT,43,95.767,334.0,321.0,13.0,391.0022222222233
ANT,44,95.112,335.0,311.0,24.0,567.2908333333362
ANT,45,95.34,323.0,306.0,17.0,593.2783333333314
ANT,46,95.253,325.0,309.0,16.0,534.5247222222251
ANT,47,95.41,324.0,307.0,17.0,579.1541666666658
ANT,48,95.59,321.0,307.0,14.0,686.0558333333306
ANT,49,95.364,323.0,308.0,15.0,548.8786111111108
ANT,50,95.482,328.0,315.0,13.0,415.7547222222229
ANT,51,95.903,322.0,280.0,42.0,659.4333333333338
ANT,52,95.212,321.0,303.0,18.0,617.5527777777761
ANT,53,97.418,322.0,302.0,20.0,664.6977777777761
ANT,54,96.008,323.0,306.0,17.0,588.0108333333337
ANT,55,96.072,324.0,307.0,17.0,577.2730555555554
ANT,56,96.655,323.0,306.0,17.0,587.7591666666654
HAM,2,99.43,314.0,305.0,9.0,528.188055555554
HAM,3,98.43,308.0,300.0,8.0,664.1444444444446
HAM,4,98.122,324.0,317.0,7.0,577.2211111111114
HAM,5,97.529,327.0,316.0,11.0,571.3552777777777
HAM,6,97.893,330.0,305.0,25.0,582.4205555555559
HAM,7,98.131,320.0,307.0,13.0,557.7086111111084
HAM,8,97.631,317.0,303.0,14.0,628.3147222222219
HAM,9,98.342,318.0,303.0,15.0,589.8227777777797
HAM,14,98.885,330.0,299.0,31.0,471.4736111111106
HAM,15,96.999,336.0,312.0,24.0,485.67694444444305
HAM,16,96.806,325.0,314.0,11.0,522.6197222222231
HAM,17,96.596,322.0,312.0,10.0,645.5802777777794
HAM,18,96.979,319.0,308.0,11.0,623.7886111111102
HAM,19,96.862,319.0,307.0,12.0,596.9008333333304
HAM,20,96.879,320.0,307.0,13.0,611.8319444444442
HAM,21,96.725,316.0,305.0,11.0,676.555555555557
HAM,22,96.634,320.0,306.0,14.0,624.5013888888857
HAM,23,96.987,319.0,300.0,19.0,622.1983333333287
HAM,24,97.979,318.0,303.0,15.0,598.2666666666682
HAM,25,97.756,329.0,315.0,14.0,531.7636111111128
HAM,26,96.624,339.0,324.0,15.0,506.13111111111084
HAM,27,99.085,319.0,318.0,1.0,24.733333333333576
HAM,28,97.094,337.0,306.0,31.0,460.2202777777775
HAM,29,96.716,332.0,313.0,19.0,544.8863888888905
HAM,30,96.265,337.0,320.0,17.0,530.1222222222245
HAM,31,96.42,332.0,314.0,18.0,553.1350000000002
HAM,32,96.605,338.0,324.0,14.0,411.6261111111103
HAM,33,96.496,338.0,309.0,29.0,450.3111111111102
HAM,34,96.72,333.0,315.0,18.0,536.4322222222213
HAM,35,97.289,329.0,309.0,20.0,590.0575000000003
HAM,36,96.953,319.0,302.0,17.0,613.688888888888
HAM,37,96.311,316.0,300.0,16.0,727.063333333334
HAM,38,96.703,318.0,300.0,18.0,582.2255555555571
HAM,39,97.987,320.0,302.0,18.0,531.5450000000005
HAM,40,96.936,325.0,304.0,21.0,610.5133333333342
HAM,41,96.424,319.0,301.0,18.0,633.4211111111113
HAM,42,96.433,318.0,298.0,20.0,616.6786111111119
HAM,43,96.198,318.0,301.0,17.0,665.6025000000013
HAM,44,96.14,320.0,303.0,17.0,555.1108333333323
HAM,45,96.34,318.0,302.0,16.0,688.7225000000008
HAM,46,96.225,324.0,310.0,14.0,495.25416666666797
HAM,47,96.156,317.0,300.0,17.0,665.5538888888887
HAM,48,96.112,320.0,302.0,18.0,563.3900000000003
HAM,49,96.321,316.0,300.0,16.0,677.90888888889
HAM,50,96.017,318.0,300.0,18.0,631.3319444444442
HAM,51,95.981,318.0,301.0,17.0,671.4894444444426
HAM,52,96.126,319.0,300.0,19.0,630.8302777777785
HAM,53,95.991,317.0,297.0,20.0,673.6816666666659
HAM,54,96.313,322.0,304.0,18.0,568.6116666666667
HAM,55,95.912,320.0,303.0,17.0,637.4199999999978
HAM,56,96.101,321.0,305.0,16.0,564.0025000000019
LEC,2,98.294,333.0,318.0,15.0,366.8325000000009
LEC,3,99.137,331.0,323.0,8.0,463.7447222222231
LEC,4,97.709,321.0,305.0,16.0,558.0141666666673
LEC,5,97.593,330.0,319.0,11.0,566.0988888888901
LEC,6,98.091,321.0,309.0,12.0,606.1669444444442
LEC,7,97.955,315.0,310.0,5.0,674.7219444444436
LEC,8,97.562,325.0,314.0,11.0,605.5444444444438
LEC,9,97.728,323.0,313.0,10.0,606.2433333333342
LEC,14,99.699,342.0,321.0,21.0,325.60499999999774
LEC,15,97.048,349.0,320.0,29.0,424.7666666666664
LEC,16,97.044,327.0,306.0,21.0,575.8794444444438
LEC,17,96.497,320.0,305.0,15.0,594.0097222222221
LEC,18,96.421,320.0,306.0,14.0,617.0813888888879
LEC,19,96.703,319.0,308.0,11.0,605.8233333333324
LEC,20,96.721,320.0,307.0,13.0,651.3208333333337
LEC,21,96.649,318.0,306.0,12.0,651.3766666666656
LEC,22,96.545,322.0,310.0,12.0,585.2569444444443
LEC,23,96.582,333.0,313.0,20.0,545.5866666666657
LEC,24,97.089,337.0,328.0,9.0,317.95611111111066
LEC,25,96.892,316.0,297.0,19.0,693.9844444444443
LEC,26,97.532,320.0,302.0,18.0,600.4822222222206
LEC,27,97.398,323.0,301.0,22.0,602.0222222222224
LEC,28,97.047,319.0,300.0,19.0,634.4122222222204
LEC,29,97.05,316.0,298.0,18.0,683.8875000000003
LEC,30,96.544,334.0,313.0,21.0,489.35555555555493
LEC,31,96.068,334.0,317.0,17.0,561.0472222222243
LEC,32,96.619,336.0,304.0,32.0,506.5969444444422
LEC,33,96.355,319.0,302.0,17.0,682.3997222222201
LEC,34,96.606,319.0,302.0,17.0,670.4794444444478
LEC,35,98.397,317.0,301.0,16.0,687.9424999999974
LEC,36,97.206,341.0,317.0,24.0,484.1222222222241
LEC,37,96.559,336.0,296.0,40.0,530.1213888888892
LEC,38,96.593,332.0,314.0,18.0,518.3119444444465
LEC,39,96.794,334.0,324.0,10.0,587.1336111111095
LEC,40,98.162,317.0,309.0,8.0,440.5419444444442
LEC,41,96.825,328.0,296.0,32.0,590.1208333333325
LEC,42,96.706,321.0,302.0,19.0,659.7894444444432
LEC,43,96.472,318.0,304.0,14.0,643.0463888888899
LEC,44,95.887,320.0,305.0,15.0,644.7544444444438
LEC,45,97.119,319.0,303.0,16.0,672.5675000000001
LEC,46,96.176,320.0,302.0,18.0,659.9808333333317
LEC,47,96.025,330.0,313.0,17.0,584.5552777777752
LEC,48,95.901,317.0,301.0,16.0,690.1350000000007
LEC,49,96.074,318.0,302.0,16.0,649.5466666666666
LEC,50,96.263,318.0,302.0,16.0,638.9436111111104
LEC,51,96.676,319.0,303.0,16.0,593.0625
LEC,52,96.213,320.0,301.0,19.0,642.7916666666674
LEC,53,96.088,319.0,300.0,19.0,632.7213888888905
LEC,54,96.209,321.0,303.0,18.0,664.6116666666667
LEC,55,95.997,319.0,303.0,16.0,663.8680555555566
LEC,56,95.662,319.0,303.0,16.0,677.5655555555527
RUS,2,97.983,321.0,320.0,1.0,570.0002777777809
RUS,3,97.949,309.0,195.0,114.0,395.61416666666446
RUS,4,96.943,310.0,242.0,68.0,591.7777777777801
RUS,5,97.331,313.0,275.0,38.0,790.6863888888884
RUS,6,97.229,328.0,320.0,8.0,598.0444444444438
RUS,7,97.095,321.0,313.0,8.0,674.7672222222227
RUS,8,96.832,325.0,281.0,44.0,742.0997222222236
RUS,9,96.966,332.0,327.0,5.0,429.3888888888878
RUS,14,100.446,327.0,322.0,5.0,747.7686111111134
RUS,15,98.858,335.0,335.0,0.0,204.72222222222172
RUS,16,97.269,330.0,318.0,12.0,341.9111111111124
RUS,17,96.297,328.0,319.0,9.0,480.85638888888934
RUS,18,96.237,330.0,321.0,9.0,545.277777777776
RUS,19,96.405,316.0,316.0,0.0,519.3888888888878
RUS,20,96.617,325.0,323.0,2.0,579.0113888888854
RUS,21,96.56,341.0,328.0,13.0,534.0763888888882
RUS,22,96.657,341.0,330.0,11.0,408.7730555555545
RUS,23,96.404,343.0,332.0,11.0,457.78333333333376
RUS,24,96.883,348.0,345.0,3.0,381.83333333333303
RUS,25,97.878,318.0,316.0,2.0,673.6219444444432
RUS,26,97.056,337.0,323.0,14.0,535.7427777777793
RUS,27,97.589,346.0,326.0,20.0,526.2555555555564
RUS,28,96.699,344.0,328.0,16.0,450.2697222222232
RUS,29,95.847,341.0,324.0,17.0,645.3863888888886
RUS,30,96.37,324.0,309.0,15.0,670.1444444444473
RUS,31,95.893,324.0,310.0,14.0,644.4688888888895
RUS,32,95.925,327.0,312.0,15.0,485.49805555555304
RUS,33,95.909,326.0,312.0,14.0,552.321944444444
RUS,34,95.842,327.0,309.0,18.0,549.6905555555559
RUS,35,96.031,324.0,308.0,16.0,588.6541666666672
RUS,36,95.709,325.0,309.0,16.0,549.166666666667
RUS,37,95.395,326.0,311.0,15.0,566.3744444444437
RUS,38,95.385,325.0,310.0,15.0,644.3263888888887
RUS,39,95.456,325.0,194.0,131.0,573.8222222222221
RUS,40,95.52,326.0,312.0,14.0,546.8691666666668
RUS,41,95.444,331.0,319.0,12.0,549.9872222222211
RUS,42,96.523,328.0,314.0,14.0,516.1333333333323
RUS,43,95.502,324.0,308.0,16.0,480.5766666666659
RUS,44,95.379,326.0,314.0,12.0,444.5013888888898
RUS,45,95.398,332.0,323.0,9.0,395.4786111111116
RUS,46,96.16,323.0,310.0,13.0,622.0427777777795
RUS,47,95.634,325.0,313.0,12.0,554.4105555555543
RUS,48,96.086,330.0,315.0,15.0,457.22305555555795
RUS,49,95.832,323.0,309.0,14.0,475.0919444444444
RUS,50,95.601,324.0,308.0,16.0,574.2649999999994
RUS,51,95.281,323.0,251.0,72.0,688.5055555555555
RUS,52,95.19,326.0,311.0,15.0,582.812777777779
RUS,53,95.564,327.0,314.0,13.0,612.4877777777783
RUS,54,96.193,332.0,324.0,8.0,514.4111111111097
RUS,55,95.616,325.0,310.0,15.0,546.2336111111113
RUS,56,95.202,329.0,319.0,10.0,294.2105555555545
