event,driver,lap,lap_time_s,max_frozen_run,top_speed_kmh,end_speed_kmh,flat_out_drop_kmh,peak_before_brake_m,lift_before_brake_m,lift_min_throttle,drop_to_brake_kmh
Belgian Grand Prix,ANT,7,110.822,4,317.0,306.0,11.0,642.1894444444442,30.22222222222217,100.0,11.0
Belgian Grand Prix,ANT,8,110.745,4,315.0,304.0,11.0,635.8558333333337,19.800000000000182,100.0,11.0
Belgian Grand Prix,ANT,10,110.654,4,317.0,305.0,12.0,587.9547222222218,29.90000000000009,100.0,12.0
Belgian Grand Prix,ANT,12,110.546,6,318.0,308.0,10.0,571.142222222222,30.300000000000182,100.0,10.0
Belgian Grand Prix,ANT,13,110.894,6,318.0,305.0,13.0,656.0194444444444,23.255555555555475,100.0,13.0
Belgian Grand Prix,ANT,14,110.865,5,319.0,308.0,11.0,561.3902777777776,23.488888888888596,100.0,11.0
Belgian Grand Prix,ANT,23,109.578,8,326.0,307.0,19.0,587.8663888888887,28.444444444444343,100.0,19.0
Belgian Grand Prix,ANT,26,109.253,2,339.0,322.0,17.0,492.05666666666684,31.40000000000009,100.0,17.0
Belgian Grand Prix,ANT,27,109.679,6,321.0,315.0,6.0,577.499444444444,34.77777777777783,100.0,6.0
Belgian Grand Prix,ANT,28,109.296,5,320.0,310.0,10.0,647.0891666666666,17.085000000000036,100.0,10.0
Belgian Grand Prix,ANT,29,109.488,6,322.0,317.0,5.0,609.6338888888886,20.733333333333576,100.0,5.0
Belgian Grand Prix,ANT,31,109.854,6,326.0,320.0,6.0,584.2891666666669,24.888888888888687,100.0,6.0
Belgian Grand Prix,ANT,33,109.73,5,330.0,325.0,5.0,539.0,38.255555555555475,100.0,5.0
Belgian Grand Prix,ANT,34,109.252,5,337.0,316.0,21.0,540.9586111111107,27.90000000000009,100.0,21.0
Belgian Grand Prix,ANT,37,109.539,5,320.0,308.0,12.0,633.1441666666667,13.511111111111404,100.0,12.0
Belgian Grand Prix,ANT,38,109.519,4,320.0,308.0,12.0,684.1788888888882,23.877777777777737,100.0,12.0
Belgian Grand Prix,ANT,39,109.399,4,321.0,308.0,13.0,567.2097222222214,29.300000000000182,100.0,13.0
Belgian Grand Prix,ANT,40,109.65,4,321.0,308.0,13.0,645.7302777777777,21.932500000000346,100.0,13.0
Belgian Grand Prix,ANT,43,109.571,5,325.0,312.0,13.0,611.3244444444445,28.90000000000009,100.0,13.0
Belgian Grand Prix,ANT,44,109.766,5,326.0,315.0,11.0,542.4755555555557,23.877777777777737,100.0,11.0
Belgian Grand Prix,LEC,7,110.938,3,329.0,317.0,12.0,538.5666666666664,13.777777777777828,100.0,12.0
Belgian Grand Prix,LEC,8,111.34,3,329.0,313.0,16.0,531.2886111111106,23.877777777777737,100.0,16.0
Belgian Grand Prix,LEC,12,111.206,5,337.0,323.0,14.0,478.4349999999997,31.90000000000009,100.0,14.0
Belgian Grand Prix,LEC,13,111.223,3,331.0,317.0,14.0,529.0983333333327,30.09999999999991,100.0,14.0
Belgian Grand Prix,LEC,19,110.605,4,321.0,298.0,23.0,587.2147222222229,19.6147222222221,100.0,23.0
Belgian Grand Prix,LEC,26,109.703,5,326.0,312.0,14.0,578.7444444444445,35.600000000000364,100.0,14.0
Belgian Grand Prix,LEC,27,109.877,4,324.0,308.0,16.0,588.4452777777781,28.0,100.0,16.0
Belgian Grand Prix,LEC,28,109.729,3,324.0,308.0,16.0,642.5219444444454,29.0,100.0,16.0
Belgian Grand Prix,LEC,29,109.985,3,322.0,309.0,13.0,611.2647222222224,17.11111111111086,100.0,13.0
Belgian Grand Prix,LEC,32,110.097,3,321.0,306.0,15.0,654.7427777777773,22.633333333333212,100.0,15.0
Belgian Grand Prix,LEC,33,110.219,5,322.0,310.0,12.0,661.7666666666669,37.76666666666688,100.0,12.0
Belgian Grand Prix,LEC,34,110.269,3,323.0,310.0,13.0,568.875833333333,23.947499999999764,100.0,13.0
Belgian Grand Prix,LEC,36,109.871,3,336.0,323.0,13.0,513.4916666666672,32.11055555555549,100.0,13.0
Belgian Grand Prix,LEC,37,109.71,8,331.0,322.0,9.0,538.7663888888897,17.77777777777783,100.0,9.0
Belgian Grand Prix,LEC,38,109.873,3,334.0,322.0,12.0,475.31916666666643,24.353333333333012,100.0,12.0
Belgian Grand Prix,LEC,39,109.684,4,325.0,316.0,9.0,639.9213888888889,22.944444444444343,100.0,9.0
Belgian Grand Prix,LEC,40,109.44,4,320.0,312.0,8.0,1351.4544444444446,24.266666666666424,100.0,8.0
Belgian Grand Prix,LEC,43,109.606,4,324.0,312.0,12.0,636.4658333333332,27.64444444444416,100.0,12.0
Belgian Grand Prix,VER,7,111.023,3,327.0,314.0,13.0,460.9999999999991,38.14361111111111,72.0,13.0
Belgian Grand Prix,VER,8,110.974,5,326.0,313.0,13.0,522.1908333333329,30.699999999999818,100.0,13.0
Belgian Grand Prix,VER,10,110.976,7,323.0,311.0,12.0,556.5433333333324,34.53027777777788,88.0,12.0
Belgian Grand Prix,VER,12,111.006,4,323.0,311.0,12.0,541.5680555555555,20.533333333333303,100.0,12.0
Belgian Grand Prix,VER,13,111.074,4,323.0,310.0,13.0,547.5130555555556,27.199999999999818,100.0,13.0
Belgian Grand Prix,VER,14,110.995,4,323.0,310.0,13.0,540.8983333333331,17.11111111111086,100.0,13.0
Belgian Grand Prix,VER,19,109.885,5,324.0,311.0,13.0,546.5436111111107,20.466666666666697,100.0,13.0
Belgian Grand Prix,VER,23,109.609,5,324.0,311.0,13.0,552.1872222222232,20.494444444444525,100.0,13.0
Belgian Grand Prix,VER,25,109.762,3,325.0,310.0,15.0,524.5208333333319,27.111111111111313,100.0,15.0
Belgian Grand Prix,VER,26,110.041,3,326.0,314.0,12.0,550.0888888888892,41.45555555555575,100.0,12.0
Belgian Grand Prix,VER,27,109.971,4,327.0,317.0,10.0,513.3905555555552,35.11111111111086,50.0,11.0
Belgian Grand Prix,VER,28,110.269,4,336.0,325.0,11.0,476.9555555555544,17.944444444444343,100.0,11.0
Belgian Grand Prix,VER,30,110.284,3,324.0,312.0,12.0,549.3108333333337,37.93611111111113,96.0,12.0
Belgian Grand Prix,VER,31,109.978,4,324.0,311.0,13.0,490.60111111111064,17.22222222222217,100.0,13.0
Belgian Grand Prix,VER,33,110.041,6,323.0,310.0,13.0,590.0669444444445,40.733333333333576,84.0,15.0
Belgian Grand Prix,VER,34,110.573,4,320.0,308.0,12.0,564.7658333333341,20.182222222222208,100.0,12.0
Belgian Grand Prix,VER,35,110.235,4,320.0,306.0,14.0,621.1063888888887,59.04861111111131,94.0,15.0
Belgian Grand Prix,VER,36,109.869,5,319.0,305.0,14.0,642.3236111111116,20.150277777777774,100.0,14.0
Belgian Grand Prix,VER,37,110.031,5,318.0,305.0,13.0,649.4436111111111,26.48888888888905,100.0,13.0
Belgian Grand Prix,VER,39,109.708,4,322.0,306.0,16.0,572.3877777777773,30.514999999999873,100.0,16.0
Belgian Grand Prix,VER,40,109.421,3,324.0,307.0,17.0,552.2230555555552,47.58888888888896,92.0,17.0
Belgian Grand Prix,VER,41,109.889,7,323.0,308.0,15.0,637.8649999999996,20.0,100.0,15.0
Belgian Grand Prix,VER,42,109.767,4,325.0,308.0,17.0,551.401111111111,13.33833333333314,100.0,17.0
Belgian Grand Prix,VER,44,109.45,4,324.0,309.0,15.0,575.3549999999993,47.06666666666706,57.0,15.0
Belgian Grand Prix,HAM,8,111.601,7,344.0,340.0,4.0,394.2502777777772,19.0,100.0,4.0
Belgian Grand Prix,HAM,10,110.805,3,343.0,337.0,6.0,351.4333333333336,58.879722222222426,65.0,7.0
Belgian Grand Prix,HAM,13,111.575,4,343.0,334.0,9.0,437.7280555555551,36.5555555555552,100.0,9.0
Belgian Grand Prix,HAM,14,111.07,4,332.0,327.0,5.0,470.6336111111109,59.21111111111122,96.0,5.0
Belgian Grand Prix,HAM,23,109.484,3,327.0,314.0,13.0,535.6461111111121,24.102499999999964,100.0,13.0
Belgian Grand Prix,HAM,31,109.857,3,326.0,316.0,10.0,509.6886111111121,34.247499999999945,100.0,10.0
Belgian Grand Prix,HAM,33,109.206,5,325.0,314.0,11.0,651.9111111111113,27.377777777777737,100.0,11.0
Belgian Grand Prix,HAM,34,109.832,3,325.0,314.0,11.0,656.635277777777,13.955555555555748,100.0,11.0
Belgian Grand Prix,HAM,35,109.86,8,325.0,315.0,10.0,652.6336111111107,28.90000000000009,100.0,10.0
Belgian Grand Prix,HAM,36,110.021,4,326.0,316.0,10.0,582.7094444444442,17.0,100.0,10.0
Belgian Grand Prix,HAM,37,109.24,7,327.0,317.0,10.0,596.1577777777775,20.933333333333394,100.0,10.0
Belgian Grand Prix,HAM,39,110.543,8,342.0,336.0,6.0,467.0661111111117,14.888888888888687,100.0,6.0
Belgian Grand Prix,HAM,40,109.372,4,347.0,334.0,13.0,411.1283333333329,25.884999999999764,100.0,13.0
Belgian Grand Prix,HAM,41,109.394,4,325.0,312.0,13.0,641.9783333333328,31.213055555555457,100.0,13.0
Belgian Grand Prix,HAM,42,109.991,5,325.0,309.0,16.0,619.588611111112,34.71111111111077,100.0,16.0
Belgian Grand Prix,HAM,44,110.466,3,329.0,318.0,11.0,623.9891666666672,17.166666666666515,100.0,11.0
Belgian Grand Prix,PIA,7,110.648,7,330.0,329.0,1.0,508.4666666666667,40.07777777777801,37.0,1.0
Belgian Grand Prix,PIA,8,111.572,5,332.0,317.0,15.0,688.5883333333331,14.08888888888896,100.0,15.0
Belgian Grand Prix,PIA,10,110.685,5,327.0,320.0,7.0,570.0669444444445,17.500000000000455,100.0,7.0
Belgian Grand Prix,PIA,12,111.716,5,326.0,320.0,6.0,620.0563888888896,34.96916666666675,39.0,6.0
Belgian Grand Prix,PIA,13,112.017,4,325.0,316.0,9.0,547.4902777777775,38.62222222222226,100.0,9.0
Belgian Grand Prix,PIA,14,112.009,3,326.0,314.0,12.0,562.4777777777776,20.182222222222208,100.0,12.0
Belgian Grand Prix,PIA,15,112.015,5,324.0,314.0,10.0,500.7658333333336,41.64638888888885,100.0,10.0
Belgian Grand Prix,PIA,23,109.559,4,327.0,317.0,10.0,520.5677777777778,21.22138888888867,100.0,10.0
Belgian Grand Prix,PIA,25,109.946,3,329.0,318.0,11.0,553.5661111111108,17.444444444444343,100.0,11.0
Belgian Grand Prix,PIA,26,109.738,4,328.0,320.0,8.0,639.6444444444442,34.88888888888869,100.0,8.0
Belgian Grand Prix,PIA,28,109.932,5,329.0,321.0,8.0,540.4561111111104,31.40000000000009,100.0,8.0
Belgian Grand Prix,PIA,29,111.115,5,332.0,322.0,10.0,569.0427777777777,21.466666666666697,100.0,10.0
Belgian Grand Prix,PIA,31,110.25,4,327.0,316.0,11.0,641.9772222222225,19.584722222222354,100.0,11.0
Belgian Grand Prix,PIA,33,109.768,5,327.0,315.0,12.0,640.6336111111109,20.333333333333485,100.0,12.0
Belgian Grand Prix,PIA,34,110.771,4,324.0,314.0,10.0,629.9874999999997,23.955555555555748,100.0,10.0
Belgian Grand Prix,PIA,35,110.703,6,323.0,311.0,12.0,652.6791666666666,13.82222222222208,100.0,12.0
Belgian Grand Prix,PIA,36,110.405,3,323.0,311.0,12.0,600.6575,27.555555555555657,100.0,12.0
Belgian Grand Prix,PIA,37,110.28,5,322.0,310.0,12.0,609.2766666666669,17.308333333333394,100.0,12.0
Belgian Grand Prix,PIA,39,110.531,7,323.0,310.0,13.0,647.9216666666666,37.26666666666688,59.0,13.0
Belgian Grand Prix,PIA,44,109.61,6,328.0,316.0,12.0,568.6216666666664,52.61111111111131,50.0,12.0
Belgian Grand Prix,HAD,5,113.667,3,345.0,339.0,6.0,201.57777777777733,44.577777777777555,72.0,6.0
Belgian Grand Prix,HAD,10,112.017,3,340.0,330.0,10.0,445.9991666666665,25.355555555555384,100.0,10.0
Belgian Grand Prix,HAD,12,111.833,5,346.0,345.0,1.0,19.166666666666515,374.25777777777785,22.0,21.0
Belgian Grand Prix,HAD,13,110.899,3,343.0,325.0,18.0,426.568888888889,21.199999999999818,100.0,18.0
Belgian Grand Prix,HAD,14,111.226,5,327.0,318.0,9.0,504.68722222222186,38.744444444444525,100.0,9.0
Belgian Grand Prix,HAD,15,111.848,3,347.0,325.0,22.0,443.48249999999985,45.269444444444616,48.0,29.0
Belgian Grand Prix,HAD,16,110.981,6,329.0,314.0,15.0,526.1969444444444,34.77777777777783,100.0,15.0
Belgian Grand Prix,HAD,19,110.91,3,326.0,313.0,13.0,512.6572222222214,26.933333333333394,100.0,13.0
Belgian Grand Prix,HAD,23,109.868,4,324.0,309.0,15.0,551.214166666666,31.086111111110768,100.0,15.0
Belgian Grand Prix,HAD,30,110.116,5,329.0,318.0,11.0,481.68888888888864,17.666666666666515,100.0,11.0
Belgian Grand Prix,HAD,31,109.893,3,328.0,315.0,13.0,478.0983333333327,13.91111111111104,100.0,13.0
Belgian Grand Prix,HAD,33,109.647,7,323.0,309.0,14.0,660.4897222222232,13.644444444444161,100.0,14.0
Belgian Grand Prix,HAD,34,110.108,6,323.0,311.0,12.0,632.4663888888888,16.5,100.0,12.0
Belgian Grand Prix,HAD,35,110.274,8,322.0,307.0,15.0,685.9297222222217,16.444444444444343,100.0,15.0
Belgian Grand Prix,HAD,36,110.143,6,322.0,308.0,14.0,647.2355555555557,20.533333333333303,100.0,14.0
Belgian Grand Prix,HAD,37,110.062,6,322.0,308.0,14.0,656.6897222222217,31.77777777777783,100.0,14.0
Belgian Grand Prix,HAD,42,109.62,6,331.0,322.0,9.0,364.2008333333331,61.155555555555566,76.0,11.0
Belgian Grand Prix,HAD,44,109.275,5,325.0,311.0,14.0,652.6108333333332,31.044444444444252,100.0,14.0
Belgian Grand Prix,NOR,10,111.575,7,317.0,311.0,6.0,601.6680555555552,24.197222222222535,100.0,6.0
Belgian Grand Prix,NOR,12,110.731,7,327.0,317.0,10.0,586.7233333333331,31.36527777777792,41.0,12.0
Belgian Grand Prix,NOR,13,111.452,9,315.0,306.0,9.0,636.5091666666667,59.52611111111128,35.0,9.0
Belgian Grand Prix,NOR,14,110.897,4,320.0,309.0,11.0,532.8013888888888,61.91888888888889,51.0,12.0
Belgian Grand Prix,NOR,15,110.635,7,317.0,309.0,8.0,587.7677777777776,23.955555555555748,100.0,8.0
Belgian Grand Prix,NOR,16,109.853,5,318.0,310.0,8.0,633.0672222222224,30.90000000000009,100.0,8.0
Belgian Grand Prix,NOR,26,110.731,4,322.0,311.0,11.0,618.3116666666667,41.333333333333485,100.0,11.0
Belgian Grand Prix,NOR,27,110.785,6,324.0,316.0,8.0,639.854166666667,24.344444444444434,100.0,8.0
Belgian Grand Prix,NOR,28,110.731,4,323.0,311.0,12.0,611.745277777778,17.22222222222217,100.0,12.0
Belgian Grand Prix,NOR,29,111.709,5,323.0,312.0,11.0,642.8425000000002,29.555555555555657,100.0,11.0
Belgian Grand Prix,NOR,32,109.411,4,332.0,308.0,24.0,643.676944444444,22.944444444444343,100.0,24.0
Belgian Grand Prix,NOR,33,109.404,8,320.0,308.0,12.0,676.9561111111102,39.244444444444525,59.0,13.0
Belgian Grand Prix,NOR,36,109.194,5,317.0,305.0,12.0,1328.6324999999997,30.299999999999727,100.0,12.0
Belgian Grand Prix,NOR,38,108.979,4,318.0,306.0,12.0,1353.595277777778,23.0949999999998,100.0,12.0
Belgian Grand Prix,NOR,42,108.628,6,325.0,312.0,13.0,1343.4338888888883,24.033333333333303,100.0,13.0
Belgian Grand Prix,NOR,44,108.589,5,326.0,317.0,9.0,638.6991666666665,24.422222222222445,100.0,9.0
Belgian Grand Prix,BOR,7,112.616,6,317.0,317.0,0.0,38.83250000000044,31.59999999999991,100.0,0.0
Belgian Grand Prix,BOR,10,111.803,4,320.0,315.0,5.0,671.3111111111116,20.533333333333303,100.0,5.0
Belgian Grand Prix,BOR,11,112.119,8,320.0,316.0,4.0,617.3444444444453,21.0,100.0,4.0
Belgian Grand Prix,BOR,12,112.952,7,321.0,316.0,5.0,628.1891666666659,25.866666666666788,100.0,5.0
Belgian Grand Prix,BOR,13,112.692,5,321.0,317.0,4.0,626.5783333333331,17.61111111111086,100.0,4.0
Belgian Grand Prix,BOR,14,112.854,8,321.0,319.0,2.0,209.78888888888946,26.48888888888905,100.0,2.0
Belgian Grand Prix,BOR,15,113.394,5,333.0,325.0,8.0,471.64138888888874,21.59999999999991,100.0,8.0
Belgian Grand Prix,BOR,16,112.095,7,316.0,312.0,4.0,659.1552777777774,17.333333333333485,100.0,4.0
Belgian Grand Prix,BOR,19,111.729,4,320.0,307.0,13.0,643.775833333332,27.199999999999818,100.0,13.0
Belgian Grand Prix,BOR,23,110.146,4,318.0,306.0,12.0,659.188888888888,32.77777777777783,100.0,12.0
Belgian Grand Prix,BOR,24,110.59,7,317.0,307.0,10.0,634.4761111111115,30.40000000000009,100.0,10.0
Belgian Grand Prix,BOR,32,111.786,5,321.0,321.0,0.0,0.0,42.13333333333321,100.0,0.0
Belgian Grand Prix,BOR,33,110.809,4,320.0,310.0,10.0,685.4894444444444,24.033333333333303,100.0,10.0
Belgian Grand Prix,BOR,36,110.758,5,316.0,306.0,10.0,655.9419444444447,50.40000000000009,52.0,12.0
Belgian Grand Prix,BOR,38,111.059,5,318.0,305.0,13.0,675.9669444444442,23.72222222222217,100.0,13.0
Belgian Grand Prix,BOR,40,110.732,4,317.0,302.0,15.0,702.2341666666675,13.377777777777283,100.0,15.0
Belgian Grand Prix,BOR,41,110.547,7,319.0,302.0,17.0,723.0436111111101,16.77777777777783,100.0,17.0
Belgian Grand Prix,BOR,43,111.167,5,318.0,301.0,17.0,704.2524999999998,16.722222222221717,100.0,17.0
Belgian Grand Prix,LIN,8,111.498,4,332.0,316.0,16.0,1311.7999999999995,30.40000000000009,100.0,16.0
Belgian Grand Prix,LIN,10,111.99,6,321.0,306.0,15.0,1288.1652777777772,37.40000000000009,100.0,15.0
Belgian Grand Prix,LIN,14,112.012,7,323.0,309.0,14.0,1254.8033333333337,23.566666666666606,100.0,14.0
Belgian Grand Prix,LIN,15,112.243,5,322.0,307.0,15.0,1239.2016666666668,43.72222222222217,95.0,15.0
Belgian Grand Prix,LIN,19,110.945,8,323.0,308.0,15.0,1252.1033333333319,60.0,76.0,19.0
Belgian Grand Prix,LIN,23,110.351,6,323.0,309.0,14.0,1261.4041666666667,16.829999999999927,100.0,14.0
Belgian Grand Prix,LIN,28,110.697,6,322.0,307.0,15.0,1225.4661111111113,37.5222222222219,100.0,15.0
Belgian Grand Prix,LIN,29,110.493,9,322.0,309.0,13.0,1276.782222222223,23.877777777777737,100.0,13.0
Belgian Grand Prix,LIN,32,111.018,4,324.0,312.0,12.0,1291.971388888888,23.877777777777737,100.0,12.0
Belgian Grand Prix,LIN,33,110.8,7,324.0,311.0,13.0,1290.6330555555555,44.655555555555566,94.0,13.0
Belgian Grand Prix,LIN,36,110.697,5,323.0,313.0,10.0,1298.8944444444437,24.344444444444434,100.0,10.0
Belgian Grand Prix,LIN,38,110.83,8,324.0,312.0,12.0,1309.001388888888,30.81416666666655,100.0,12.0
Belgian Grand Prix,LIN,40,110.549,5,325.0,311.0,14.0,1315.0080555555558,20.4477777777779,100.0,14.0
Belgian Grand Prix,LIN,41,110.527,9,325.0,310.0,15.0,1308.6891666666666,30.800000000000182,100.0,15.0
Belgian Grand Prix,LIN,42,110.645,5,326.0,314.0,12.0,634.6113888888883,24.26666666666688,100.0,12.0
Belgian Grand Prix,LIN,43,110.907,7,325.0,312.0,13.0,1302.782777777778,20.799999999999727,100.0,13.0
Belgian Grand Prix,COL,12,113.292,6,324.0,322.0,2.0,455.79972222222204,74.65555555555557,43.0,5.0
Belgian Grand Prix,COL,29,112.119,8,324.0,320.0,4.0,516.410277777778,56.61111111111086,75.0,4.0
Belgian Grand Prix,COL,32,111.484,7,317.0,307.0,10.0,656.6886111111116,30.422222222222445,24.0,11.0
Belgian Grand Prix,COL,35,112.127,5,313.0,300.0,13.0,1374.954722222222,24.977777777777646,100.0,13.0
Belgian Grand Prix,GAS,10,111.869,8,324.0,323.0,1.0,596.455555555556,21.533333333333303,100.0,1.0
Belgian Grand Prix,GAS,16,111.416,8,318.0,317.0,1.0,571.1886111111116,35.0,100.0,1.0
Belgian Grand Prix,GAS,19,111.997,5,326.0,326.0,0.0,105.04444444444425,41.4708333333333,73.0,5.0
Belgian Grand Prix,GAS,24,111.16,6,333.0,332.0,1.0,158.62222222222226,17.944444444444798,100.0,1.0
Belgian Grand Prix,GAS,32,111.535,9,332.0,328.0,4.0,457.2108333333342,43.333333333333485,100.0,4.0
Belgian Grand Prix,GAS,35,111.766,4,324.0,314.0,10.0,650.9900000000002,13.91111111111104,100.0,10.0
Belgian Grand Prix,GAS,42,111.294,8,324.0,321.0,3.0,591.2102777777782,49.34416666666675,42.0,3.0
Belgian Grand Prix,LAW,7,111.9,4,325.0,315.0,10.0,489.2666666666671,17.5,100.0,10.0
Belgian Grand Prix,LAW,8,112.908,5,323.0,309.0,14.0,639.2191666666668,29.59999999999991,100.0,14.0
Belgian Grand Prix,LAW,10,112.342,2,334.0,334.0,0.0,18.555555555555543,118.41999999999973,55.0,17.0
Belgian Grand Prix,LAW,14,112.407,9,324.0,315.0,9.0,1264.3858333333333,27.999999999999545,100.0,9.0
Belgian Grand Prix,LAW,17,113.155,4,318.0,313.0,5.0,1319.2794444444446,24.26666666666688,100.0,5.0
Belgian Grand Prix,LAW,19,111.817,5,324.0,312.0,12.0,603.2980555555546,24.02500000000009,100.0,12.0
Belgian Grand Prix,LAW,24,111.835,7,322.0,306.0,16.0,1207.2433333333333,34.0,100.0,16.0
Belgian Grand Prix,LAW,42,111.45,8,336.0,322.0,14.0,1199.1286111111112,31.91111111111104,100.0,14.0
Belgian Grand Prix,LAW,44,110.741,4,332.0,325.0,7.0,484.6002777777776,39.57833333333292,82.0,7.0
Belgian Grand Prix,HUL,7,112.142,5,322.0,318.0,4.0,1234.2558333333332,35.333333333333485,85.0,4.0
Belgian Grand Prix,HUL,11,112.608,9,327.0,327.0,0.0,1249.0861111111108,17.96527777777783,100.0,0.0
Belgian Grand Prix,HUL,12,111.503,7,340.0,336.0,4.0,301.22694444444437,34.44444444444434,100.0,4.0
Belgian Grand Prix,HUL,13,112.812,3,318.0,302.0,16.0,1288.6355555555558,19.466666666666697,100.0,16.0
Belgian Grand Prix,HUL,14,112.401,5,314.0,311.0,3.0,696.5666666666664,26.75555555555593,100.0,3.0
Belgian Grand Prix,HUL,15,112.176,7,316.0,308.0,8.0,701.5911111111111,13.42222222222199,100.0,8.0
Belgian Grand Prix,HUL,16,112.306,6,316.0,308.0,8.0,710.1791666666663,13.244444444444525,100.0,8.0
Belgian Grand Prix,HUL,19,111.826,6,317.0,300.0,17.0,705.6461111111105,19.133333333332757,100.0,17.0
Belgian Grand Prix,HUL,24,111.838,3,338.0,326.0,12.0,394.807222222222,14.17777777777792,100.0,12.0
Belgian Grand Prix,HUL,29,112.391,4,320.0,316.0,4.0,680.3666666666663,23.86999999999989,100.0,4.0
Belgian Grand Prix,HUL,32,111.385,5,326.0,318.0,8.0,631.8113888888879,31.40000000000009,100.0,8.0
Belgian Grand Prix,HUL,34,111.17,8,325.0,315.0,10.0,666.1244444444442,20.733333333333576,100.0,10.0
Belgian Grand Prix,HUL,35,111.72,6,328.0,320.0,8.0,580.9763888888892,21.133333333333667,100.0,8.0
Belgian Grand Prix,HUL,40,110.46,4,323.0,310.0,13.0,1333.0863888888894,30.699999999999818,100.0,13.0
Belgian Grand Prix,HUL,42,111.48,5,332.0,323.0,9.0,592.2563888888888,24.422222222222445,100.0,9.0
Belgian Grand Prix,HUL,44,111.056,6,323.0,312.0,11.0,1354.4999999999998,13.644444444444616,100.0,11.0
Belgian Grand Prix,BEA,7,112.465,5,334.0,326.0,8.0,402.38861111111055,28.444444444444343,100.0,8.0
Belgian Grand Prix,BEA,10,113.09,5,331.0,315.0,16.0,478.48833333333346,53.18888888888887,47.0,16.0
Belgian Grand Prix,BEA,11,113.014,3,334.0,323.0,11.0,433.6325000000006,24.966666666666697,100.0,11.0
Belgian Grand Prix,BEA,12,113.256,5,337.0,329.0,8.0,388.2683333333341,50.644444444444616,71.0,10.0
Belgian Grand Prix,BEA,15,113.214,3,334.0,323.0,11.0,390.0788888888894,42.933333333333394,100.0,11.0
Belgian Grand Prix,BEA,16,113.217,4,336.0,325.0,11.0,441.5475000000001,31.40000000000009,100.0,11.0
Belgian Grand Prix,BEA,17,113.328,5,336.0,325.0,11.0,382.62444444444486,37.59999999999991,100.0,11.0
Belgian Grand Prix,BEA,19,112.763,4,315.0,298.0,17.0,661.2133333333329,19.800000000000182,100.0,17.0
Belgian Grand Prix,BEA,22,110.797,3,322.0,306.0,16.0,543.4202777777782,16.666666666666515,100.0,16.0
Belgian Grand Prix,BEA,23,111.488,7,322.0,307.0,15.0,613.3444444444442,20.40000000000009,100.0,15.0
Belgian Grand Prix,BEA,24,110.94,4,323.0,308.0,15.0,533.8411111111111,23.877777777777737,100.0,15.0
Belgian Grand Prix,BEA,28,111.725,4,321.0,302.0,19.0,525.1227777777785,34.344444444444434,100.0,19.0
Belgian Grand Prix,BEA,29,112.162,5,319.0,301.0,18.0,643.4527777777782,13.282500000000255,100.0,18.0
Belgian Grand Prix,BEA,32,111.968,5,319.0,302.0,17.0,626.8772222222221,41.40000000000009,97.0,19.0
Belgian Grand Prix,BEA,33,111.967,3,320.0,303.0,17.0,562.9566666666667,22.633333333333212,100.0,17.0
Belgian Grand Prix,BEA,34,112.063,4,323.0,307.0,16.0,577.8100000000004,37.0333333333333,100.0,16.0
Belgian Grand Prix,BEA,35,111.847,4,321.0,302.0,19.0,665.2294444444447,30.922499999999673,100.0,19.0
Belgian Grand Prix,BEA,36,111.612,3,318.0,300.0,18.0,560.8866666666672,16.52805555555551,100.0,18.0
Belgian Grand Prix,BEA,38,111.8,5,321.0,300.0,21.0,557.7599999999993,13.244444444444525,100.0,21.0
Belgian Grand Prix,BEA,40,111.314,4,314.0,297.0,17.0,658.3902777777766,26.31111111111113,100.0,17.0
Belgian Grand Prix,BEA,42,111.758,5,321.0,304.0,17.0,611.256666666666,57.79999999999973,100.0,17.0
Belgian Grand Prix,ALB,10,112.5,5,322.0,315.0,7.0,568.0105555555558,27.20361111111106,100.0,7.0
Belgian Grand Prix,ALB,11,113.017,4,321.0,313.0,8.0,524.1575,34.222222222222626,100.0,8.0
Belgian Grand Prix,ALB,12,114.376,5,320.0,314.0,6.0,551.4786111111111,31.28666666666686,100.0,6.0
Belgian Grand Prix,ALB,15,113.257,5,322.0,313.0,9.0,534.3658333333335,30.59999999999991,100.0,9.0
Belgian Grand Prix,ALB,17,113.634,6,318.0,310.0,8.0,542.5455555555557,27.466666666666697,100.0,8.0
Belgian Grand Prix,ALB,29,112.575,3,325.0,315.0,10.0,499.9911111111114,27.82222222222208,100.0,10.0
Belgian Grand Prix,ALB,32,112.21,5,326.0,313.0,13.0,525.1222222222214,13.644444444444616,100.0,13.0
Belgian Grand Prix,ALB,35,112.448,3,326.0,312.0,14.0,631.1572222222228,13.555555555555657,100.0,14.0
Belgian Grand Prix,ALB,40,112.039,6,315.0,306.0,9.0,601.2683333333334,35.034999999999854,100.0,9.0
Belgian Grand Prix,ALB,43,112.374,5,317.0,307.0,10.0,636.0438888888877,16.833333333333485,100.0,10.0
Belgian Grand Prix,SAI,23,111.417,9,322.0,319.0,3.0,537.2225000000005,42.08944444444478,20.0,4.0
Belgian Grand Prix,SAI,25,112.183,6,316.0,308.0,8.0,590.2016666666675,37.155555555555566,100.0,8.0
Belgian Grand Prix,SAI,28,111.879,7,317.0,309.0,8.0,568.7224999999999,20.266666666666424,100.0,8.0
Belgian Grand Prix,SAI,32,112.111,7,317.0,310.0,7.0,697.0666666666675,31.0,100.0,7.0
Belgian Grand Prix,SAI,33,112.146,6,320.0,312.0,8.0,570.676666666666,43.80000000000018,34.0,8.0
Belgian Grand Prix,SAI,36,111.67,7,317.0,310.0,7.0,584.4880555555558,27.377777777777737,100.0,7.0
Belgian Grand Prix,SAI,38,111.863,6,324.0,316.0,8.0,531.2444444444441,27.377777777777737,100.0,8.0
Belgian Grand Prix,SAI,43,111.671,9,324.0,318.0,6.0,569.9550000000004,34.11111111111086,100.0,6.0
Belgian Grand Prix,SAI,44,112.168,8,322.0,318.0,4.0,568.1222222222214,45.511111111111404,45.0,5.0
Belgian Grand Prix,OCO,5,115.765,5,331.0,324.0,7.0,487.9000000000001,32.20000000000027,100.0,7.0
Belgian Grand Prix,OCO,6,114.64,3,337.0,324.0,13.0,482.92250000000035,25.122222222221808,100.0,13.0
Belgian Grand Prix,OCO,7,113.271,2,326.0,314.0,12.0,620.9011111111106,27.91111111111104,100.0,12.0
Belgian Grand Prix,OCO,10,113.162,4,320.0,305.0,15.0,518.5111111111112,40.400000000000546,100.0,15.0
Belgian Grand Prix,OCO,11,112.942,3,318.0,305.0,13.0,552.0947222222221,49.54722222222199,23.0,16.0
Belgian Grand Prix,OCO,12,113.044,7,320.0,306.0,14.0,490.5136111111103,54.40472222222252,76.0,23.0
Belgian Grand Prix,OCO,14,113.268,3,320.0,306.0,14.0,566.9866666666649,28.5,100.0,14.0
Belgian Grand Prix,OCO,23,112.211,4,318.0,304.0,14.0,599.8011111111111,36.8725000000004,100.0,14.0
Belgian Grand Prix,OCO,24,112.845,5,316.0,302.0,14.0,606.8908333333341,20.133333333333212,100.0,14.0
Belgian Grand Prix,OCO,25,112.24,5,326.0,314.0,12.0,520.9330555555562,20.933333333333394,100.0,12.0
Belgian Grand Prix,OCO,28,112.085,5,330.0,317.0,13.0,507.3330555555551,17.555555555555657,100.0,13.0
Belgian Grand Prix,OCO,29,111.875,4,323.0,313.0,10.0,568.0433333333328,29.799999999999727,100.0,10.0
Belgian Grand Prix,OCO,32,112.071,5,330.0,317.0,13.0,455.555555555555,17.555555555555657,100.0,13.0
Belgian Grand Prix,OCO,33,112.242,3,330.0,316.0,14.0,469.01083333333327,21.06666666666706,100.0,14.0
Belgian Grand Prix,OCO,36,111.359,6,318.0,307.0,11.0,640.165833333333,36.29999999999973,100.0,11.0
Belgian Grand Prix,OCO,38,112.658,7,321.0,307.0,14.0,677.5350000000003,31.0,100.0,14.0
Belgian Grand Prix,OCO,42,112.329,3,321.0,302.0,19.0,544.8075000000003,29.09999999999991,100.0,19.0
Belgian Grand Prix,OCO,44,111.808,6,321.0,305.0,16.0,608.4894444444437,20.266666666666424,100.0,16.0
Belgian Grand Prix,BOT,7,114.599,3,339.0,330.0,9.0,364.14472222222275,18.22222222222217,100.0,9.0
Belgian Grand Prix,BOT,10,113.463,4,323.0,310.0,13.0,542.5997222222229,22.633333333333212,100.0,13.0
Belgian Grand Prix,BOT,14,114.643,3,321.0,306.0,15.0,535.3363888888889,16.94444444444389,100.0,15.0
Belgian Grand Prix,BOT,24,114.18,4,322.0,305.0,17.0,509.62555555555605,27.111111111111313,100.0,17.0
Belgian Grand Prix,BOT,25,115.015,4,321.0,306.0,15.0,587.411944444445,33.77777777777783,100.0,15.0
Belgian Grand Prix,BOT,26,114.665,3,321.0,305.0,16.0,523.2355555555555,23.566666666666606,100.0,16.0
Belgian Grand Prix,BOT,27,114.711,3,321.0,304.0,17.0,501.4216666666666,40.13333333333367,100.0,17.0
Belgian Grand Prix,BOT,31,115.051,3,320.0,302.0,18.0,604.1805555555559,40.216944444443925,100.0,18.0
Belgian Grand Prix,BOT,35,111.73,4,323.0,310.0,13.0,589.0883333333325,22.711111111111222,100.0,13.0
Belgian Grand Prix,BOT,37,112.933,3,320.0,303.0,17.0,594.574444444444,23.333333333333485,100.0,17.0
Belgian Grand Prix,BOT,39,112.352,3,324.0,310.0,14.0,512.7225000000008,13.863888888888596,100.0,14.0
Belgian Grand Prix,BOT,40,112.414,5,322.0,305.0,17.0,510.5219444444449,33.88888888888914,100.0,17.0
Belgian Grand Prix,BOT,41,112.553,5,323.0,307.0,16.0,598.3783333333331,44.0333333333333,72.0,17.0
Belgian Grand Prix,BOT,42,112.58,4,322.0,306.0,16.0,525.6536111111109,62.433333333333394,72.0,21.0
Belgian Grand Prix,BOT,43,112.609,4,321.0,304.0,17.0,536.4230555555555,27.111111111111313,100.0,17.0
Belgian Grand Prix,ALO,15,116.345,6,303.0,287.0,16.0,691.7986111111109,12.311111111110677,100.0,16.0
Belgian Grand Prix,ALO,25,114.219,4,307.0,288.0,19.0,701.1449999999991,30.444444444444343,100.0,19.0
Belgian Grand Prix,ALO,27,115.974,5,310.0,292.0,18.0,633.2408333333331,22.555555555555202,100.0,18.0
Belgian Grand Prix,ALO,28,118.616,7,316.0,303.0,13.0,588.6363888888893,29.199999999999818,100.0,13.0
Belgian Grand Prix,ALO,29,121.871,8,321.0,314.0,7.0,488.94583333333344,20.95361111111106,100.0,7.0
Belgian Grand Prix,ALO,33,115.718,6,316.0,302.0,14.0,492.6102777777771,13.333333333333485,100.0,14.0
Belgian Grand Prix,ALO,34,112.517,5,322.0,305.0,17.0,660.7008333333333,15.722222222221717,100.0,17.0
Belgian Grand Prix,PER,9,113.388,4,322.0,310.0,12.0,557.0880555555557,33.11111111111086,100.0,12.0
Belgian Grand Prix,PER,10,113.392,3,323.0,310.0,13.0,505.4997222222221,37.03333333333376,100.0,13.0
